{
    "0": {
        "0": {
            "Auto": false,
            "Flags": {
                "Auto": false,
                "Can Look": {
                    "Auto": false,
                    "Interact: Drop: Rifle": 0.1111111119389534,
                    "Interact: Take: Rifle": 0.1111111119389534,
                    "Look": 0.4444444477558136,
                    "Move: Start 0: B: 0 7 0: Walking": 0.2222222238779068,
                    "Move: Start 0: D: -3 4 0: Walking": 0.1111111119389534,
                    "Total": 9
                },
                "Can Move": {
                    "Auto": false,
                    "Interact: Drop: Rifle": 0.1111111119389534,
                    "Interact: Take: Rifle": 0.1111111119389534,
                    "Look": 0.4444444477558136,
                    "Move: Start 0: B: 0 7 0: Walking": 0.2222222238779068,
                    "Move: Start 0: D: -3 4 0: Walking": 0.1111111119389534,
                    "Total": 9
                },
                "Is Able": {
                    "Auto": false,
                    "Interact: Drop: Rifle": 0.1111111119389534,
                    "Interact: Take: Rifle": 0.1111111119389534,
                    "Look": 0.4444444477558136,
                    "Move: Start 0: B: 0 7 0: Walking": 0.2222222238779068,
                    "Move: Start 0: D: -3 4 0: Walking": 0.1111111119389534,
                    "Total": 9
                }
            },
            "Locations": {
                "Auto": false,
                "Start 0: A": {
                    "Auto": false,
                    "Interact: Take: Rifle": 0.25,
                    "Look": 0.25,
                    "Move: Start 0: B: 0 7 0: Walking": 0.25,
                    "Move: Start 0: D: -3 4 0: Walking": 0.25,
                    "Total": 4
                },
                "Start 0: B": {
                    "Auto": false,
                    "Interact: Drop: Rifle": 0.25,
                    "Look": 0.75,
                    "Total": 4
                },
                "Start 0: D": {
                    "Auto": false,
                    "Move: Start 0: B: 0 7 0: Walking": 1.0,
                    "Total": 1
                }
            }
        },
        "1": {
            "Auto": false,
            "Flags": {
                "Auto": false,
                "Can Look": {
                    "Auto": false,
                    "Interact: Drop: Rifle": 0.1111111119389534,
                    "Interact: Take: Rifle": 0.1111111119389534,
                    "Look": 0.4444444477558136,
                    "Move: Start 0: B: 0 7 0: Walking": 0.2222222238779068,
                    "Move: Start 0: D: -3 4 0: Walking": 0.1111111119389534,
                    "Total": 9
                },
                "Can Move": {
                    "Auto": false,
                    "Interact: Drop: Rifle": 0.1111111119389534,
                    "Interact: Take: Rifle": 0.1111111119389534,
                    "Look": 0.4444444477558136,
                    "Move: Start 0: B: 0 7 0: Walking": 0.2222222238779068,
                    "Move: Start 0: D: -3 4 0: Walking": 0.1111111119389534,
                    "Total": 9
                },
                "Is Able": {
                    "Auto": false,
                    "Interact: Drop: Rifle": 0.1111111119389534,
                    "Interact: Take: Rifle": 0.1111111119389534,
                    "Look": 0.4444444477558136,
                    "Move: Start 0: B: 0 7 0: Walking": 0.2222222238779068,
                    "Move: Start 0: D: -3 4 0: Walking": 0.1111111119389534,
                    "Total": 9
                }
            },
            "Locations": {
                "Auto": false,
                "Start 1: B": {
                    "Auto": false,
                    "Interact: Drop: Rifle": 0.1111111119389534,
                    "Interact: Take: Rifle": 0.1111111119389534,
                    "Look": 0.4444444477558136,
                    "Move: Start 0: B: 0 7 0: Walking": 0.2222222238779068,
                    "Move: Start 0: D: -3 4 0: Walking": 0.1111111119389534,
                    "Total": 9
                }
            }
        },
        "Auto": false
    }
}