{
    "0": {
        "0": {
            "Auto": false,
            "Flags": {
                "Auto": false,
                "Can Look": {
                    "Auto": false,
                    "Move: Start 0: A: 0 0 0: Running": 0.3333333432674408,
                    "Move: Start 0: B: 0 7 0: Running": 0.6666666865348816,
                    "Total": 3
                },
                "Can Move": {
                    "Auto": false,
                    "Move: Start 0: A: 0 0 0: Running": 0.3333333432674408,
                    "Move: Start 0: B: 0 7 0: Running": 0.6666666865348816,
                    "Total": 3
                },
                "Is Able": {
                    "Auto": false,
                    "Move: Start 0: A: 0 0 0: Running": 0.3333333432674408,
                    "Move: Start 0: B: 0 7 0: Running": 0.6666666865348816,
                    "Total": 3
                }
            },
            "Locations": {
                "Auto": false,
                "Start 0: A": {
                    "Auto": false,
                    "Move: Start 0: B: 0 7 0: Running": 1.0,
                    "Total": 2
                },
                "Start 0: B": {
                    "Auto": false,
                    "Move: Start 0: A: 0 0 0: Running": 1.0,
                    "Total": 1
                }
            }
        },
        "1": {
            "Auto": false,
            "Flags": {
                "Auto": false,
                "Can Look": {
                    "Auto": false,
                    "Move: Start 0: A: 0 0 0: Running": 0.3333333432674408,
                    "Move: Start 0: B: 0 7 0: Running": 0.6666666865348816,
                    "Total": 3
                },
                "Can Move": {
                    "Auto": false,
                    "Move: Start 0: A: 0 0 0: Running": 0.3333333432674408,
                    "Move: Start 0: B: 0 7 0: Running": 0.6666666865348816,
                    "Total": 3
                },
                "Is Able": {
                    "Auto": false,
                    "Move: Start 0: A: 0 0 0: Running": 0.3333333432674408,
                    "Move: Start 0: B: 0 7 0: Running": 0.6666666865348816,
                    "Total": 3
                }
            },
            "Locations": {
                "Auto": false,
                "Start 0: A": {
                    "Auto": false,
                    "Move: Start 0: B: 0 7 0: Running": 1.0,
                    "Total": 2
                },
                "Start 0: B": {
                    "Auto": false,
                    "Move: Start 0: A: 0 0 0: Running": 1.0,
                    "Total": 1
                }
            }
        },
        "Auto": true
    }
}