{"0":{"0":{"Auto":false,"Flags":{"Auto":false,"Can Look":{"Auto":false,"Look":0.1428571492433548,"Move: Start 0: B: 0 7 0: Walking":0.2857142984867096,"Total":7,"Wait: 10":0.1428571492433548,"Wait: 4":0.1428571492433548,"Wait: 5":0.2857142984867096},"Can Move":{"Auto":false,"Look":0.1428571492433548,"Move: Start 0: B: 0 7 0: Walking":0.2857142984867096,"Total":7,"Wait: 10":0.1428571492433548,"Wait: 4":0.1428571492433548,"Wait: 5":0.2857142984867096},"Is Able":{"Auto":false,"Look":0.1428571492433548,"Move: Start 0: B: 0 7 0: Walking":0.2857142984867096,"Total":7,"Wait: 10":0.1428571492433548,"Wait: 4":0.1428571492433548,"Wait: 5":0.2857142984867096}},"Locations":{"Auto":false,"Start 0: A":{"Auto":false,"Look":0.1428571492433548,"Move: Start 0: B: 0 7 0: Walking":0.2857142984867096,"Total":7,"Wait: 10":0.1428571492433548,"Wait: 4":0.1428571492433548,"Wait: 5":0.2857142984867096}}},"1":{"Auto":false,"Flags":{"Auto":false,"Can Look":{"Auto":false,"Look":0.1428571492433548,"Move: Start 0: B: 0 7 0: Walking":0.2857142984867096,"Total":7,"Wait: 10":0.1428571492433548,"Wait: 4":0.1428571492433548,"Wait: 5":0.2857142984867096},"Can Move":{"Auto":false,"Look":0.1428571492433548,"Move: Start 0: B: 0 7 0: Walking":0.2857142984867096,"Total":7,"Wait: 10":0.1428571492433548,"Wait: 4":0.1428571492433548,"Wait: 5":0.2857142984867096},"Is Able":{"Auto":false,"Look":0.1428571492433548,"Move: Start 0: B: 0 7 0: Walking":0.2857142984867096,"Total":7,"Wait: 10":0.1428571492433548,"Wait: 4":0.1428571492433548,"Wait: 5":0.2857142984867096}},"Locations":{"Auto":false,"Start 0: A":{"Auto":false,"Look":0.1428571492433548,"Move: Start 0: B: 0 7 0: Walking":0.2857142984867096,"Total":7,"Wait: 10":0.1428571492433548,"Wait: 4":0.1428571492433548,"Wait: 5":0.2857142984867096}}},"Auto":false}}